discount_rate,link,original_price,sales_price,title
0.0%,http://item.gmarket.co.kr/Item?goodscode=1840147374&ver=637304491696254929,50000,50000,[한국투자증권] (한국투자증권) 온라인 금융상품권 5만원권 
21.0%,http://item.gmarket.co.kr/Item?goodscode=1516002555&ver=637304491696254929,10700,8500,[애경] 주방세제 순샘 대용량 3L x2개(라임1베리1) 
70.0%,http://item.gmarket.co.kr/Item?goodscode=1725467202&ver=637304491696254929,19600,5900,루나샵 15일딱하루 5900원~티셔츠/원피스/박스티/롱티 
2.0%,http://item.gmarket.co.kr/Item?goodscode=1786479054&ver=637304491696254929,60900,59900,오플 BBQ 통살닭다리구이 소금구이맛 10팩 + 매콤양념맛 10팩 
70.0%,http://item.gmarket.co.kr/Item?goodscode=215673140&ver=637304491696254929,23000,6900,스위트바니 여름신상5900원~롱원피스/티셔츠/박스티 
60.0%,http://item.gmarket.co.kr/Item?goodscode=884451980&ver=637304491696254929,37300,14900,[구운감자] 해태 구운감자 24g 30개 과자 간식 한박스 오늘만 할인 
8.0%,http://item.gmarket.co.kr/Item?goodscode=1704892603&ver=637304491696254929,119000,109000,락토핏   프롤린유산균  종근당건강  생유산균 코어 (2 000mg 60포 6통  약 1 
37.0%,http://item.gmarket.co.kr/Item?goodscode=1791746014&ver=637304491696254929,23600,14900,[유한킴벌리] 크리넥스 펭수뽑아쓰는키친타월 140매X4입X2팩 
5.0%,http://item.gmarket.co.kr/Item?goodscode=1844715501&ver=637304491696254929,43900,41710,kf94 마스크 블랙 대형 합리적인 비말차단 국내산 40매 
70.0%,http://item.gmarket.co.kr/Item?goodscode=818391700&ver=637304491696254929,26000,7900,[라벨영] 빵꾸솝 쿨버전 비누 1+1/모공축소+블랙헤드+피지 제거 
discount_rate,link,original_price,sales_price,title
0.0%,http://item.gmarket.co.kr/Item?goodscode=1840147374&ver=637304504095860327,50000,50000,[한국투자증권] (한국투자증권) 온라인 금융상품권 5만원권 
70.0%,http://item.gmarket.co.kr/Item?goodscode=1725467202&ver=637304504095860327,19600,5900,루나샵 15일딱하루 5900원~티셔츠/원피스/박스티/롱티 
2.0%,http://item.gmarket.co.kr/Item?goodscode=1786479054&ver=637304504095860327,60900,59900,오플 BBQ 통살닭다리구이 소금구이맛 10팩 + 매콤양념맛 10팩 
21.0%,http://item.gmarket.co.kr/Item?goodscode=1516002555&ver=637304504095860327,10700,8500,[애경] 주방세제 순샘 대용량 3L x2개(라임1베리1) 
60.0%,http://item.gmarket.co.kr/Item?goodscode=884451980&ver=637304504095860327,37300,14900,[구운감자] 해태 구운감자 24g 30개 과자 간식 한박스 오늘만 할인 
70.0%,http://item.gmarket.co.kr/Item?goodscode=215673140&ver=637304504095860327,23000,6900,스위트바니 여름신상5900원~롱원피스/티셔츠/박스티 
5.0%,http://item.gmarket.co.kr/Item?goodscode=1844715501&ver=637304504095860327,43900,41710,kf94 마스크 블랙 대형 합리적인 비말차단 국내산 40매 
8.0%,http://item.gmarket.co.kr/Item?goodscode=1704892603&ver=637304504095860327,119000,109000,락토핏   프롤린유산균  종근당건강  생유산균 코어 (2 000mg 60포 6통  약 1 
37.0%,http://item.gmarket.co.kr/Item?goodscode=1791746014&ver=637304504095860327,23600,14900,[유한킴벌리] 크리넥스 펭수뽑아쓰는키친타월 140매X4입X2팩 
70.0%,http://item.gmarket.co.kr/Item?goodscode=818391700&ver=637304504095860327,26000,7900,[라벨영] 빵꾸솝 쿨버전 비누 1+1/모공축소+블랙헤드+피지 제거 
discount_rate,link,original_price,sales_price,title
0.0%,http://item.gmarket.co.kr/Item?goodscode=1840147374&ver=637304504823581022,50000,50000,[한국투자증권] (한국투자증권) 온라인 금융상품권 5만원권 
2.0%,http://item.gmarket.co.kr/Item?goodscode=1786479054&ver=637304504823581022,60900,59900,오플 BBQ 통살닭다리구이 소금구이맛 10팩 + 매콤양념맛 10팩 
60.0%,http://item.gmarket.co.kr/Item?goodscode=884451980&ver=637304504823581022,37300,14900,[구운감자] 해태 구운감자 24g 30개 과자 간식 한박스 오늘만 할인 
70.0%,http://item.gmarket.co.kr/Item?goodscode=215673140&ver=637304504823581022,23000,6900,스위트바니 여름신상5900원~롱원피스/티셔츠/박스티 
70.0%,http://item.gmarket.co.kr/Item?goodscode=1725467202&ver=637304504823581022,19600,5900,루나샵 15일딱하루 5900원~티셔츠/원피스/박스티/롱티 
21.0%,http://item.gmarket.co.kr/Item?goodscode=1516002555&ver=637304504823581022,10700,8500,[애경] 주방세제 순샘 대용량 3L x2개(라임1베리1) 
5.0%,http://item.gmarket.co.kr/Item?goodscode=1844715501&ver=637304504823581022,43900,41710,kf94 마스크 블랙 대형 합리적인 비말차단 국내산 40매 
8.0%,http://item.gmarket.co.kr/Item?goodscode=1704892603&ver=637304504823581022,119000,109000,락토핏   프롤린유산균  종근당건강  생유산균 코어 (2 000mg 60포 6통  약 1 
70.0%,http://item.gmarket.co.kr/Item?goodscode=818391700&ver=637304504823581022,26000,7900,[라벨영] 빵꾸솝 쿨버전 비누 1+1/모공축소+블랙헤드+피지 제거 
37.0%,http://item.gmarket.co.kr/Item?goodscode=1791746014&ver=637304504823581022,23600,14900,[유한킴벌리] 크리넥스 펭수뽑아쓰는키친타월 140매X4입X2팩 
discount_rate,link,original_price,sales_price,title
0.0%,http://item.gmarket.co.kr/Item?goodscode=1840147374&ver=637304506868978582,50000,50000,[한국투자증권] (한국투자증권) 온라인 금융상품권 5만원권 
2.0%,http://item.gmarket.co.kr/Item?goodscode=1786479054&ver=637304506868978582,60900,59900,오플 BBQ 통살닭다리구이 소금구이맛 10팩 + 매콤양념맛 10팩 
60.0%,http://item.gmarket.co.kr/Item?goodscode=884451980&ver=637304506868978582,37300,14900,[구운감자] 해태 구운감자 24g 30개 과자 간식 한박스 오늘만 할인 
5.0%,http://item.gmarket.co.kr/Item?goodscode=1844715501&ver=637304506868978582,43900,41710,kf94 마스크 블랙 대형 합리적인 비말차단 국내산 40매 
21.0%,http://item.gmarket.co.kr/Item?goodscode=1516002555&ver=637304506868978582,10700,8500,[애경] 주방세제 순샘 대용량 3L x2개(라임1베리1) 
70.0%,http://item.gmarket.co.kr/Item?goodscode=1725467202&ver=637304506868978582,19600,5900,루나샵 15일딱하루 5900원~티셔츠/원피스/박스티/롱티 
70.0%,http://item.gmarket.co.kr/Item?goodscode=215673140&ver=637304506868978582,23000,6900,스위트바니 여름신상5900원~롱원피스/티셔츠/박스티 
8.0%,http://item.gmarket.co.kr/Item?goodscode=1704892603&ver=637304506868978582,119000,109000,락토핏   프롤린유산균  종근당건강  생유산균 코어 (2 000mg 60포 6통  약 1 
37.0%,http://item.gmarket.co.kr/Item?goodscode=1791746014&ver=637304506868978582,23600,14900,[유한킴벌리] 크리넥스 펭수뽑아쓰는키친타월 140매X4입X2팩 
70.0%,http://item.gmarket.co.kr/Item?goodscode=818391700&ver=637304506868978582,26000,7900,[라벨영] 빵꾸솝 쿨버전 비누 1+1/모공축소+블랙헤드+피지 제거 
discount_rate,link,original_price,sales_price,title
0.0%,http://item.gmarket.co.kr/Item?goodscode=1840147374&ver=637304507397510461,50000,50000,[한국투자증권] (한국투자증권) 온라인 금융상품권 5만원권 
70.0%,http://item.gmarket.co.kr/Item?goodscode=1725467202&ver=637304507397510461,19600,5900,루나샵 15일딱하루 5900원~티셔츠/원피스/박스티/롱티 
21.0%,http://item.gmarket.co.kr/Item?goodscode=1516002555&ver=637304507397510461,10700,8500,[애경] 주방세제 순샘 대용량 3L x2개(라임1베리1) 
70.0%,http://item.gmarket.co.kr/Item?goodscode=215673140&ver=637304507397510461,23000,6900,스위트바니 여름신상5900원~롱원피스/티셔츠/박스티 
2.0%,http://item.gmarket.co.kr/Item?goodscode=1786479054&ver=637304507397510461,60900,59900,오플 BBQ 통살닭다리구이 소금구이맛 10팩 + 매콤양념맛 10팩 
5.0%,http://item.gmarket.co.kr/Item?goodscode=1844715501&ver=637304507397510461,43900,41710,kf94 마스크 블랙 대형 합리적인 비말차단 국내산 40매 
8.0%,http://item.gmarket.co.kr/Item?goodscode=1704892603&ver=637304507397510461,119000,109000,락토핏   프롤린유산균  종근당건강  생유산균 코어 (2 000mg 60포 6통  약 1 
60.0%,http://item.gmarket.co.kr/Item?goodscode=884451980&ver=637304507397510461,37300,14900,[구운감자] 해태 구운감자 24g 30개 과자 간식 한박스 오늘만 할인 
70.0%,http://item.gmarket.co.kr/Item?goodscode=818391700&ver=637304507397510461,26000,7900,[라벨영] 빵꾸솝 쿨버전 비누 1+1/모공축소+블랙헤드+피지 제거 
37.0%,http://item.gmarket.co.kr/Item?goodscode=1791746014&ver=637304507397510461,23600,14900,[유한킴벌리] 크리넥스 펭수뽑아쓰는키친타월 140매X4입X2팩 
discount_rate,link,original_price,sales_price,title
20.0%,http://item.gmarket.co.kr/Item?goodscode=1831777734&ver=637304901323611511,36200,28900,NEW 신제품 얇은피 교자만두 8봉 골라담기+증정 
70.0%,http://item.gmarket.co.kr/Item?goodscode=787562120&ver=637304901323611511,23000,6900,글램공감/브라1+팬티2/속옷세트/빅사이즈/여성속옷 
70.0%,http://item.gmarket.co.kr/Item?goodscode=1688200696&ver=637304901323611511,23000,6900,12%쿠폰 여름신상 루즈핏  블라우스/원피스 
59.0%,http://item.gmarket.co.kr/Item?goodscode=1289612216&ver=637304901323611511,29000,11900,[카파] Kappa 남녀 반팔티셔츠/긴팔티/잡화 균일특가 11900원 
37.0%,http://item.gmarket.co.kr/Item?goodscode=1694939546&ver=637304901323611511,33300,20900,유황먹인 생오리 슬라이스 200g 10팩 
70.0%,http://item.gmarket.co.kr/Item?goodscode=627247117&ver=637304901323611511,19600,5900,더다다 여름신상 빅사이즈 롱티셔츠/셔츠/원피스 
1.0%,http://item.gmarket.co.kr/Item?goodscode=1839215964&ver=637304901323611511,68000,67000,롯데시네마     일반관람권 8매 + 스위트콤보권 4매 
0.0%,http://item.gmarket.co.kr/Item?goodscode=1738831314&ver=637304901323611511,20900,20900,(주)아이티씨  I헬로키티I 핑크리본 화장지(4겹 20m) 30롤 2팩 
10.0%,http://item.gmarket.co.kr/Item?goodscode=1841571987&ver=637304901323611511,21900,19710,[푸마] (현대Hmall)푸마 노와이어 브라팬티 2종+ 랜덤브라팬티 2종 4style 택 일 
69.0%,http://item.gmarket.co.kr/Item?goodscode=1578494240&ver=637304901323611511,8000,2500,Medi-k Kids 유아 치실  80p 국내생산 
discount_rate,link,original_price,sales_price,title
70.0,http://item.gmarket.co.kr/Item?goodscode=1848545421&ver=637315562093391660,26000,7900,1+1 2장세트 U-back 백오픈 노와이어 브라탑 브라렛 
70.0,http://item.gmarket.co.kr/Item?goodscode=1373777190&ver=637315562093391660,26300,7900,쉬블림로브 시즌오프 7900균일 블라우스 셔츠 원피스 
66.0,http://item.gmarket.co.kr/Item?goodscode=1497316495&ver=637315562093391660,70000,23600,[깨끗한나라] 순수브라운 3겹 화장지 27m 30롤 2팩 (특가) 
10.0,http://item.gmarket.co.kr/Item?goodscode=1846373203&ver=637315562093391660,11150,10000,바닥청소 극세사 청소 슬리퍼 1+1 외 50종 +사은품 
30.0,http://item.gmarket.co.kr/Item?goodscode=1502793298&ver=637315562093391660,21300,14900,2봉/산동고기왕만두1.4kg+김치왕만두1.4kg/만두 간식 
30.0,http://item.gmarket.co.kr/Item?goodscode=1553361567&ver=637315562093391660,16500,11500,[미스타셰프] 미스타셰프 버섯뚝배기불고기 4팩/간편/뚝불/증정 
70.0,http://item.gmarket.co.kr/Item?goodscode=1725467202&ver=637315562093391660,19600,5900,루나샵 전상품균일가 5900원 티셔츠/박스티/원피스 
40.0,http://item.gmarket.co.kr/Item?goodscode=1222652300&ver=637315562093391660,26500,15900,[유동] 자연산골뱅이 300g x3개 
33.0,http://item.gmarket.co.kr/Item?goodscode=1841464639&ver=637315562093391660,14850,9900,초당 옥수수 10개입(17cm이상)/농협 
0.0,http://item.gmarket.co.kr/Item?goodscode=1687057776&ver=637315562093391660,28900,28900,(etv)목우촌 무항생제 훈제오리 200gX10팩 (총 2kg) 
discount_rate,link,original_price,sales_price,title
70.0,http://item.gmarket.co.kr/Item?goodscode=1373777190&ver=637315562579385864,26300,7900,쉬블림로브 시즌오프 7900균일 블라우스 셔츠 원피스 
40.0,http://item.gmarket.co.kr/Item?goodscode=1222652300&ver=637315562579385864,26500,15900,[유동] 자연산골뱅이 300g x3개 
70.0,http://item.gmarket.co.kr/Item?goodscode=1725467202&ver=637315562579385864,19600,5900,루나샵 전상품균일가 5900원 티셔츠/박스티/원피스 
30.0,http://item.gmarket.co.kr/Item?goodscode=1502793298&ver=637315562579385864,21300,14900,2봉/산동고기왕만두1.4kg+김치왕만두1.4kg/만두 간식 
30.0,http://item.gmarket.co.kr/Item?goodscode=1553361567&ver=637315562579385864,16500,11500,[미스타셰프] 미스타셰프 버섯뚝배기불고기 4팩/간편/뚝불/증정 
66.0,http://item.gmarket.co.kr/Item?goodscode=1497316495&ver=637315562579385864,70000,23600,[깨끗한나라] 순수브라운 3겹 화장지 27m 30롤 2팩 (특가) 
10.0,http://item.gmarket.co.kr/Item?goodscode=1846373203&ver=637315562579385864,11150,10000,바닥청소 극세사 청소 슬리퍼 1+1 외 50종 +사은품 
70.0,http://item.gmarket.co.kr/Item?goodscode=1848545421&ver=637315562579385864,26000,7900,1+1 2장세트 U-back 백오픈 노와이어 브라탑 브라렛 
33.0,http://item.gmarket.co.kr/Item?goodscode=1841464639&ver=637315562579385864,14850,9900,초당 옥수수 10개입(17cm이상)/농협 
0.0,http://item.gmarket.co.kr/Item?goodscode=1687057776&ver=637315562579385864,28900,28900,(etv)목우촌 무항생제 훈제오리 200gX10팩 (총 2kg) 
discount_rate,link,original_price,sales_price,title
50.0,http://item.gmarket.co.kr/Item?goodscode=1847794480&ver=637315565352161201,630000,315000,(정품) Scholastic 스콜라스틱 에브리데이 북박스 Everyday book box 123 풀세트 
0.0,http://item.gmarket.co.kr/Item?goodscode=1825919007&ver=637315565352161201,159000,158210,[일렉트로룩스] 에르고라피도 18V 무선청소기 ZB3113AK (중복쿠폰할인) 
70.0,http://item.gmarket.co.kr/Item?goodscode=1725467202&ver=637315565352161201,19600,5900,루나샵 전상품균일가 5900원 티셔츠/박스티/원피스 
66.0,http://item.gmarket.co.kr/Item?goodscode=1497316495&ver=637315565352161201,70000,23600,[깨끗한나라] 순수브라운 3겹 화장지 27m 30롤 2팩 (특가) 
70.0,http://item.gmarket.co.kr/Item?goodscode=1373777190&ver=637315565352161201,26300,7900,쉬블림로브 시즌오프 7900균일 블라우스 셔츠 원피스 
30.0,http://item.gmarket.co.kr/Item?goodscode=1553361567&ver=637315565352161201,16500,11500,[미스타셰프] 미스타셰프 버섯뚝배기불고기 4팩/간편/뚝불/증정 
40.0,http://item.gmarket.co.kr/Item?goodscode=1222652300&ver=637315565352161201,26500,15900,[유동] 자연산골뱅이 300g x3개 
10.0,http://item.gmarket.co.kr/Item?goodscode=1846373203&ver=637315565352161201,11150,10000,바닥청소 극세사 청소 슬리퍼 1+1 외 50종 +사은품 
33.0,http://item.gmarket.co.kr/Item?goodscode=1841464639&ver=637315565352161201,14850,9900,초당 옥수수 10개입(17cm이상)/농협 
30.0,http://item.gmarket.co.kr/Item?goodscode=1502793298&ver=637315565352161201,21300,14900,2봉/산동고기왕만두1.4kg+김치왕만두1.4kg/만두 간식 
discount_rate,link,original_price,sales_price,title
40.0,http://item.gmarket.co.kr/Item?goodscode=1222652300&ver=637315569724920161,26500,15900,[유동] 자연산골뱅이 300g x3개 
0.0,http://item.gmarket.co.kr/Item?goodscode=1825919007&ver=637315569724920161,159000,158210,[일렉트로룩스] 에르고라피도 18V 무선청소기 ZB3113AK (중복쿠폰할인) 
70.0,http://item.gmarket.co.kr/Item?goodscode=1373777190&ver=637315569724920161,26300,7900,쉬블림로브 시즌오프 7900균일 블라우스 셔츠 원피스 
50.0,http://item.gmarket.co.kr/Item?goodscode=1847794480&ver=637315569724920161,630000,315000,(정품) Scholastic 스콜라스틱 에브리데이 북박스 Everyday book box 123 풀세트 
30.0,http://item.gmarket.co.kr/Item?goodscode=1553361567&ver=637315569724920161,16500,11500,[미스타셰프] 미스타셰프 버섯뚝배기불고기 4팩/간편/뚝불/증정 
70.0,http://item.gmarket.co.kr/Item?goodscode=1725467202&ver=637315569724920161,19600,5900,루나샵 전상품균일가 5900원 티셔츠/박스티/원피스 
10.0,http://item.gmarket.co.kr/Item?goodscode=1846373203&ver=637315569724920161,11150,10000,바닥청소 극세사 청소 슬리퍼 1+1 외 50종 +사은품 
66.0,http://item.gmarket.co.kr/Item?goodscode=1497316495&ver=637315569724920161,70000,23600,[깨끗한나라] 순수브라운 3겹 화장지 27m 30롤 2팩 (특가) 
33.0,http://item.gmarket.co.kr/Item?goodscode=1841464639&ver=637315569724920161,14850,9900,초당 옥수수 10개입(17cm이상)/농협 
30.0,http://item.gmarket.co.kr/Item?goodscode=1502793298&ver=637315569724920161,21300,14900,2봉/산동고기왕만두1.4kg+김치왕만두1.4kg/만두 간식 
discount_rate,link,original_price,sales_price,title
70.0,http://item.gmarket.co.kr/Item?goodscode=1373777190&ver=637315570055144922,26300,7900,쉬블림로브 시즌오프 7900균일 블라우스 셔츠 원피스 
50.0,http://item.gmarket.co.kr/Item?goodscode=1847794480&ver=637315570055144922,630000,315000,(정품) Scholastic 스콜라스틱 에브리데이 북박스 Everyday book box 123 풀세트 
70.0,http://item.gmarket.co.kr/Item?goodscode=1725467202&ver=637315570055144922,19600,5900,루나샵 전상품균일가 5900원 티셔츠/박스티/원피스 
0.0,http://item.gmarket.co.kr/Item?goodscode=1825919007&ver=637315570055144922,159000,158210,[일렉트로룩스] 에르고라피도 18V 무선청소기 ZB3113AK (중복쿠폰할인) 
30.0,http://item.gmarket.co.kr/Item?goodscode=1553361567&ver=637315570055144922,16500,11500,[미스타셰프] 미스타셰프 버섯뚝배기불고기 4팩/간편/뚝불/증정 
66.0,http://item.gmarket.co.kr/Item?goodscode=1497316495&ver=637315570055144922,70000,23600,[깨끗한나라] 순수브라운 3겹 화장지 27m 30롤 2팩 (특가) 
10.0,http://item.gmarket.co.kr/Item?goodscode=1846373203&ver=637315570055144922,11150,10000,바닥청소 극세사 청소 슬리퍼 1+1 외 50종 +사은품 
40.0,http://item.gmarket.co.kr/Item?goodscode=1222652300&ver=637315570055144922,26500,15900,[유동] 자연산골뱅이 300g x3개 
33.0,http://item.gmarket.co.kr/Item?goodscode=1841464639&ver=637315570055144922,14850,9900,초당 옥수수 10개입(17cm이상)/농협 
30.0,http://item.gmarket.co.kr/Item?goodscode=1502793298&ver=637315570055144922,21300,14900,2봉/산동고기왕만두1.4kg+김치왕만두1.4kg/만두 간식 
discount_rate,link,original_price,sales_price,title
0,http://item.gmarket.co.kr/Item?goodscode=1825919007&ver=637315571864612664,159000,158210,[일렉트로룩스] 에르고라피도 18V 무선청소기 ZB3113AK (중복쿠폰할인) 
discount_rate,link,original_price,sales_price,title
70,http://item.gmarket.co.kr/Item?goodscode=1725467202&ver=637315572947652482,19600,5900,루나샵 전상품균일가 5900원 티셔츠/박스티/원피스 
0,http://item.gmarket.co.kr/Item?goodscode=1825919007&ver=637315572947652482,159000,158210,[일렉트로룩스] 에르고라피도 18V 무선청소기 ZB3113AK (중복쿠폰할인) 
40,http://item.gmarket.co.kr/Item?goodscode=1222652300&ver=637315572947652482,26500,15900,[유동] 자연산골뱅이 300g x3개 
30,http://item.gmarket.co.kr/Item?goodscode=1553361567&ver=637315572947652482,16500,11500,[미스타셰프] 미스타셰프 버섯뚝배기불고기 4팩/간편/뚝불/증정 
10,http://item.gmarket.co.kr/Item?goodscode=1846373203&ver=637315572947652482,11150,10000,바닥청소 극세사 청소 슬리퍼 1+1 외 50종 +사은품 
50,http://item.gmarket.co.kr/Item?goodscode=1847794480&ver=637315572947642481,630000,315000,(정품) Scholastic 스콜라스틱 에브리데이 북박스 Everyday book box 123 풀세트 
70,http://item.gmarket.co.kr/Item?goodscode=1373777190&ver=637315572947652482,26300,7900,쉬블림로브 시즌오프 7900균일 블라우스 셔츠 원피스 
66,http://item.gmarket.co.kr/Item?goodscode=1497316495&ver=637315572947652482,70000,23600,[깨끗한나라] 순수브라운 3겹 화장지 27m 30롤 2팩 (특가) 
33,http://item.gmarket.co.kr/Item?goodscode=1841464639&ver=637315572947652482,14850,9900,초당 옥수수 10개입(17cm이상)/농협 
30,http://item.gmarket.co.kr/Item?goodscode=1502793298&ver=637315572947642481,21300,14900,2봉/산동고기왕만두1.4kg+김치왕만두1.4kg/만두 간식 
discount_rate,link,original_price,sales_price,title
0,http://item.gmarket.co.kr/Item?goodscode=1825919007&ver=637315573773390648,159000,158210,[일렉트로룩스] 에르고라피도 18V 무선청소기 ZB3113AK (중복쿠폰할인) 
30,http://item.gmarket.co.kr/Item?goodscode=1553361567&ver=637315573773390648,16500,11500,[미스타셰프] 미스타셰프 버섯뚝배기불고기 4팩/간편/뚝불/증정 
70,http://item.gmarket.co.kr/Item?goodscode=1725467202&ver=637315573773390648,19600,5900,루나샵 전상품균일가 5900원 티셔츠/박스티/원피스 
40,http://item.gmarket.co.kr/Item?goodscode=1222652300&ver=637315573773390648,26500,15900,[유동] 자연산골뱅이 300g x3개 
10,http://item.gmarket.co.kr/Item?goodscode=1846373203&ver=637315573773390648,11150,10000,바닥청소 극세사 청소 슬리퍼 1+1 외 50종 +사은품 
50,http://item.gmarket.co.kr/Item?goodscode=1847794480&ver=637315573773390648,630000,315000,(정품) Scholastic 스콜라스틱 에브리데이 북박스 Everyday book box 123 풀세트 
66,http://item.gmarket.co.kr/Item?goodscode=1497316495&ver=637315573773390648,70000,23600,[깨끗한나라] 순수브라운 3겹 화장지 27m 30롤 2팩 (특가) 
70,http://item.gmarket.co.kr/Item?goodscode=1373777190&ver=637315573773390648,26300,7900,쉬블림로브 시즌오프 7900균일 블라우스 셔츠 원피스 
33,http://item.gmarket.co.kr/Item?goodscode=1841464639&ver=637315573773390648,14850,9900,초당 옥수수 10개입(17cm이상)/농협 
30,http://item.gmarket.co.kr/Item?goodscode=1502793298&ver=637315573773390648,21300,14900,2봉/산동고기왕만두1.4kg+김치왕만두1.4kg/만두 간식 
